x,y,z
-29.207,-12.427,11.529
-39.803,-17.316,8.055
0,0,7.64
-58.057,-58.551,10.572
-48.573,-55.708,8.03
-40.348,-58.217,7.719
-30.058,-49.594,7.618
-27.344,-61.196,7.329
-34.412,-68.241,10.786
-21.008,-48.47,14.226
-42.705,-40.031,-5.845
-48.944,-54.875,-8.251
-40.55,-52,-8.133
-28.314,-42.218,-7.75
-28.099,-51.03,-8.531
-24.567,-49.584,-0.005
-17.117,-47.733,-9.168
-33.551,-62.534,-10.241
-25.235,-66.37,-11.588
-21.572,25.752,10.669
-30.114,16.375,7.434
-33.609,27.921,7.476
-39.912,13.653,12.122
-15.197,9.0721,-5.226
-11.886,25.668,-5.347
-18.699,20.518,-7.093
-29.439,9.4534,-8.601
-30.063,18.473,-8.788
-35.35,15.789,-1.283
-39.509,14.64,-12.201
-27.722,30.229,-7.748
-37.01,32.745,-11.554
-19.46,-15.134,9.206
-30.115,-20.443,10.658
-58.212,-31.683,4.175
21.462,-70.664,10.985
11.729,-68.091,8.89
31.915,-65.904,7.342
-7.7493,-83.039,7.64
50.27,-24.462,9.552
40.682,-27.387,7.393
32.523,-24.792,7.096
22.296,-33.402,7.174
19.568,-21.929,6.919
26.627,-14.856,10.354
13.305,-34.578,13.925
34.757,-42.979,-6.481
40.881,-28.147,-8.969
32.572,-30.929,-8.8
20.27,-40.776,-8.215
20.062,-32.038,-8.978
16.624,-33.552,-0.427
9.0764,-35.279,-9.391
25.451,-20.477,-10.705
17.24,-16.628,-11.803
13.861,-108.84,10.336
22.373,-99.581,6.991
25.751,-111.08,6.994
32.211,-96.908,11.532
7.1723,-92.195,-5.454
3.8764,-108.88,-5.512
10.835,-103.55,-7.339
21.338,-92.701,-9.04
21.865,-101.71,-9.149
27.274,-98.957,-1.817
31.247,-97.937,-12.756
19.802,-113.33,-8.182
28.738,-115.95,-12.104
22.307,-62.725,10.162
50.292,-51.413,3.225
-19.772,-11.472,-0.7665
-38.52,-20.864,-1.9198
11.828,-71.624,-1.113
30.511,-62.236,-2.5925
61.965,-21.776,-8.0752
52.163,-13.773,-9.8392
44.052,-8.8489,-2.9002
53.127,4.9424,7.6788
45.323,7.0131,6.3748
43.444,-1.3561,10.05
47.484,8.0971,-9.2872
41.39,0.36312,-5.1492
57.362,1.9295,-10.106
68.247,-12.17,-7.2812
65.112,-3.8421,-3.3842
58.31,-15.786,8.4238
67.133,-18.201,10.378
22.08,79.779,-11.372
14.915,69.349,-13.136
10.679,60.858,-6.197
-3.816,68.76,4.382
-15.756,59.801,9.796
-5.234,60.812,3.078
3.262,59.632,6.753
-6.493,62.876,-12.584
1.719,57.443,-8.446
-1.164,73.231,-13.403
11.987,85.245,-10.578
3.947,81.431,-6.681
16.413,75.641,5.127
18.089,84.634,7.081
40.311,43.941,-11.395
34.86,55.364,-13.142
29.631,63.269,-6.194
43.725,71.86,4.388
41.939,86.675,9.819
37.55,77.065,3.093
32.28,70.296,6.763
39.96,77.138,-12.57
31.15,72.739,-8.434
46.263,67.347,-13.401
50.092,49.947,-10.598
50.812,58.813,-6.691
39.569,50.9,5.112
46.522,44.95,7.058
0.159,46.07,-11.397
12.778,45.082,-13.152
22.242,45.652,-6.207
22.637,29.139,4.358
36.366,23.273,9.777
30.234,31.886,3.062
27.005,39.831,6.742
29.084,29.779,-12.602
29.681,39.605,-8.455
17.452,29.217,-13.429
0.471,34.597,-10.613
7.789,29.537,-6.715
6.566,43.216,5.103
-2.061,40.169,7.052
86.34,55.195,-11.372
82.749,43.061,-13.136
81.345,33.678,-6.197
65.117,36.714,4.382
56.53,24.503,9.796
66.225,28.716,3.078
74.67,30.219,6.753
64.39,30.291,-12.584
73.878,27.661,-8.446
66.258,41.785,-13.403
75.053,57.275,-10.578
68.585,51.163,-6.681
82.23,49.508,5.127
81.045,58.579,7.081
114.75,26.745,-11.395
106.04,35.925,-13.142
98.623,41.827,-6.194
109.37,54.352,4.388
103.1,67.89,9.819
101.89,57.395,3.093
98.972,49.328,6.763
104.16,58.208,-12.57
97.142,51.303,-8.434
113.18,50.845,-13.401
122.2,35.48,-10.598
120.14,44.134,-6.691
111.9,33.135,5.112
120.35,29.624,7.058
75.91,16.362,-11.397
88.216,19.322,-13.152
97.041,22.789,-6.207
102.52,7.2063,4.358
117.39,5.8703,9.777
108.89,12.166,3.062
103.37,18.725,6.742
108.45,9.8063,-12.602
105.98,19.336,-8.455
97.564,5.6783,-13.429
79.752,5.5473,-10.613
88.275,2.9963,-6.715
82.885,15.627,5.103
75.622,10.064,7.052
-50.157,47.736,-8.0752
-46.781,59.932,-9.8392
-45.543,69.339,-2.9002
-29.264,66.591,7.6788
-20.895,78.951,13.093
-30.513,74.567,6.3748
-38.93,72.915,10.05
-28.651,73.025,-9.2872
-38.184,75.487,-5.1492
-30.315,61.5,-10.106
-38.834,45.857,-7.2812
-32.475,52.082,-3.3842
-46.148,53.495,8.4238
-44.802,44.446,10.378
97.048,-11.039,-8.0752
95.454,-23.592,-9.8392
95.577,-33.08,-2.9002
79.072,-32.692,7.6788
72.561,-46.125,13.093
81.451,-40.408,6.3748
89.545,-37.566,10.05
79.387,-39.149,-9.2872
89.175,-40.219,-5.1492
79.383,-27.504,-10.106
85.572,-10.801,-7.2812
80.171,-17.873,-3.3842
93.904,-17.313,8.4238
91.276,-8.5498,10.378
-67.265,-61.224,-8.0752
-57.463,-69.227,-9.8392
-49.352,-74.151,-2.9002
-58.427,-87.942,7.6788
-50.623,-90.013,6.3748
-48.744,-81.644,10.05
-52.784,-91.097,-9.2872
-46.69,-83.363,-5.1492
-62.662,-84.93,-10.106
-73.547,-70.83,-7.2812
-70.412,-79.158,-3.3842
-63.61,-67.214,8.4238
-72.433,-64.799,10.378
-27.38,-162.78,-11.372
-20.215,-152.35,-13.136
-15.979,-143.86,-6.197
-1.484,-151.76,4.382
10.456,-142.8,9.796
-0.066,-143.81,3.078
-8.562,-142.63,6.753
1.193,-145.88,-12.584
-7.019,-140.44,-8.446
-4.136,-156.23,-13.403
-17.287,-168.24,-10.578
-9.247,-164.43,-6.681
-21.713,-158.64,5.127
-23.389,-167.63,7.081
-45.611,-126.94,-11.395
-40.16,-138.36,-13.142
-34.931,-146.27,-6.194
-49.025,-154.86,4.388
-47.239,-169.67,9.819
-42.85,-160.06,3.093
-37.58,-153.3,6.763
-45.26,-160.14,-12.57
-36.45,-155.74,-8.434
-51.563,-150.35,-13.401
-55.392,-132.95,-10.598
-56.112,-141.81,-6.691
-44.869,-133.9,5.112
-51.822,-127.95,7.058
-5.459,-129.07,-11.397
-18.078,-128.08,-13.152
-27.543,-128.65,-6.207
-27.937,-112.14,4.358
-41.666,-106.27,9.777
-35.534,-114.89,3.062
-32.305,-122.83,6.742
-34.384,-112.78,-12.602
-34.981,-122.6,-8.455
-22.752,-112.22,-13.429
-5.771,-117.6,-10.613
-13.089,-112.54,-6.715
-11.866,-126.22,5.103
-3.239,-123.17,7.052
-91.64,-138.2,-11.372
-88.049,-126.06,-13.136
-86.645,-116.68,-6.197
-70.417,-119.71,4.382
-61.83,-107.5,9.796
-71.525,-111.72,3.078
-79.97,-113.22,6.753
-69.69,-113.29,-12.584
-79.178,-110.66,-8.446
-71.558,-124.79,-13.403
-80.353,-140.28,-10.578
-73.885,-134.16,-6.681
-87.53,-132.51,5.127
-86.345,-141.58,7.081
-120.05,-109.75,-11.395
-111.34,-118.93,-13.142
-103.92,-124.83,-6.194
-114.67,-137.35,4.388
-108.4,-150.89,9.819
-107.19,-140.4,3.093
-104.27,-132.33,6.763
-109.46,-141.21,-12.57
-102.44,-134.3,-8.434
-118.48,-133.85,-13.401
-127.5,-118.48,-10.598
-125.44,-127.13,-6.691
-117.2,-116.13,5.112
-125.65,-112.62,7.058
-81.21,-99.362,-11.397
-93.516,-102.32,-13.152
-102.34,-105.79,-6.207
-107.82,-90.206,4.358
-122.69,-88.87,9.777
-114.19,-95.166,3.062
-108.67,-101.73,6.742
-113.75,-92.806,-12.602
-111.28,-102.34,-8.455
-102.86,-88.678,-13.429
-85.052,-88.547,-10.613
-93.575,-85.996,-6.715
-88.185,-98.627,5.103
-80.922,-93.064,7.052
44.857,-130.74,-8.0752
41.481,-142.93,-9.8392
40.243,-152.34,-2.9002
23.964,-149.59,7.6788
15.595,-161.95,13.093
25.213,-157.57,6.3748
33.63,-155.92,10.05
23.351,-156.03,-9.2872
32.884,-158.49,-5.1492
25.015,-144.5,-10.106
33.534,-128.86,-7.2812
27.175,-135.08,-3.3842
40.848,-136.5,8.4238
39.502,-127.45,10.378
-102.35,-71.961,-8.0752
-100.75,-59.408,-9.8392
-100.88,-49.92,-2.9002
-84.372,-50.308,7.6788
-77.861,-36.875,13.093
-86.751,-42.592,6.3748
-94.845,-45.434,10.05
-84.687,-43.851,-9.2872
-94.475,-42.781,-5.1492
-84.683,-55.496,-10.106
-90.872,-72.199,-7.2812
-85.471,-65.127,-3.3842
-99.204,-65.687,8.4238
-96.576,-74.45,10.378
